{"cameraMode":{"drawMode":0,"name":"Shaded","section":"Shading Mode"},"sceneLighting":false,"audioPlay":false,"sceneViewState":{"m_AlwaysRefresh":false,"showFog":true,"showSkybox":false,"showFlares":true,"showImageEffects":true,"showParticleSystems":true,"showVisualEffectGraphs":true,"m_FxEnabled":true},"in2DMode":false,"pivot":{"x":1.1279786825180054,"y":0.8409770131111145,"z":0.6003263592720032},"rotation":{"x":-0.23069548606872559,"y":-0.3438642621040344,"z":0.08753079921007157,"w":-0.9060577154159546},"size":4.152949333190918,"orthographic":false}